thread_title,thread_url,thread_time_utc,thread_score,comment_time_utc,comment_score,comment_text
Melania’s crypto launch sends Trump coin spiraling,https://www.reddit.com/r/technology/comments/1i5pl69/melanias_crypto_launch_sends_trump_coin_spiraling/,2025-01-20 12:58:32,8,2025-01-21 01:18:44,10,$Melania stinks!
Melania’s crypto launch sends Trump coin spiraling,https://www.reddit.com/r/technology/comments/1i5pl69/melanias_crypto_launch_sends_trump_coin_spiraling/,2025-01-20 12:58:32,8,2025-01-21 01:23:38,79,A family of grifters preying on fools.
Melania’s crypto launch sends Trump coin spiraling,https://www.reddit.com/r/technology/comments/1i5pl69/melanias_crypto_launch_sends_trump_coin_spiraling/,2025-01-20 12:58:32,8,2025-01-21 01:44:28,18,I’m waiting on barroncoin
Melania’s crypto launch sends Trump coin spiraling,https://www.reddit.com/r/technology/comments/1i5pl69/melanias_crypto_launch_sends_trump_coin_spiraling/,2025-01-20 12:58:32,8,2025-01-21 01:48:36,8,More like Trump dumped himself to buy Melania.  Also same shenanigans with the crypto.
Melania’s crypto launch sends Trump coin spiraling,https://www.reddit.com/r/technology/comments/1i5pl69/melanias_crypto_launch_sends_trump_coin_spiraling/,2025-01-20 12:58:32,8,2025-01-21 02:04:39,51,"I sincerely hope these MAGA nuts lose it all. I've never seen such a disgusting cult in my life. The number of people who have donated to Trump, the billionaire, is absolutely comical. And liberals are meant to be the sheep..."
Melania’s crypto launch sends Trump coin spiraling,https://www.reddit.com/r/technology/comments/1i5pl69/melanias_crypto_launch_sends_trump_coin_spiraling/,2025-01-20 12:58:32,8,2025-01-21 03:24:24,31,Who are the dumb fucks that are buying
Melania’s crypto launch sends Trump coin spiraling,https://www.reddit.com/r/technology/comments/1i5pl69/melanias_crypto_launch_sends_trump_coin_spiraling/,2025-01-20 12:58:32,8,2025-01-21 03:25:54,1,I am waiting to get first dibs on ERIKc0in
Melania’s crypto launch sends Trump coin spiraling,https://www.reddit.com/r/technology/comments/1i5pl69/melanias_crypto_launch_sends_trump_coin_spiraling/,2025-01-20 12:58:32,8,2025-01-21 04:28:55,25,Money laundering is evolving
Melania’s crypto launch sends Trump coin spiraling,https://www.reddit.com/r/technology/comments/1i5pl69/melanias_crypto_launch_sends_trump_coin_spiraling/,2025-01-20 12:58:32,8,2025-01-21 04:30:50,14,The dumb fucks that voted for him.
Melania’s crypto launch sends Trump coin spiraling,https://www.reddit.com/r/technology/comments/1i5pl69/melanias_crypto_launch_sends_trump_coin_spiraling/,2025-01-20 12:58:32,8,2025-01-21 05:53:40,1,"They say the couple that grifts together, stays together.  Honestly, who gives a shit."
Melania’s crypto launch sends Trump coin spiraling,https://www.reddit.com/r/technology/comments/1i5pl69/melanias_crypto_launch_sends_trump_coin_spiraling/,2025-01-20 12:58:32,8,2025-01-21 06:02:55,30,Who's to say it isn't just a big laundering scheme to be able to receive money from untraceable sources?
Melania’s crypto launch sends Trump coin spiraling,https://www.reddit.com/r/technology/comments/1i5pl69/melanias_crypto_launch_sends_trump_coin_spiraling/,2025-01-20 12:58:32,8,2025-01-21 07:55:52,18,That’s precisely what everyone is saying because that’s what it is.
Melania’s crypto launch sends Trump coin spiraling,https://www.reddit.com/r/technology/comments/1i5pl69/melanias_crypto_launch_sends_trump_coin_spiraling/,2025-01-20 12:58:32,8,2025-01-21 08:12:44,1,But they are not in it for the money though… right…?
Melania’s crypto launch sends Trump coin spiraling,https://www.reddit.com/r/technology/comments/1i5pl69/melanias_crypto_launch_sends_trump_coin_spiraling/,2025-01-20 12:58:32,8,2025-01-21 10:19:15,2,"In cryptocurrency-related subreddits, I see many people who want to speculate on the price and make some money. All they care about is that there is a hype wave they can profit from. Many more people will likely do this for profit than those who do it as a sign of support."
Melania’s crypto launch sends Trump coin spiraling,https://www.reddit.com/r/technology/comments/1i5pl69/melanias_crypto_launch_sends_trump_coin_spiraling/,2025-01-20 12:58:32,8,2025-01-21 10:49:28,1,Chinese dumb fucks buying Taiwan.
Melania’s crypto launch sends Trump coin spiraling,https://www.reddit.com/r/technology/comments/1i5pl69/melanias_crypto_launch_sends_trump_coin_spiraling/,2025-01-20 12:58:32,8,2025-01-21 12:13:45,3,"Doing it for profit might be worse than for support simply because, in the end, it profits Trump and his goons the most."
Melania’s crypto launch sends Trump coin spiraling,https://www.reddit.com/r/technology/comments/1i5pl69/melanias_crypto_launch_sends_trump_coin_spiraling/,2025-01-20 12:58:32,8,2025-01-21 14:17:40,2,"Amazingly ….The exact same amount , washing inauguration cash. Plain and simple."
Melania’s crypto launch sends Trump coin spiraling,https://www.reddit.com/r/technology/comments/1i5pl69/melanias_crypto_launch_sends_trump_coin_spiraling/,2025-01-20 12:58:32,8,2025-01-21 18:08:53,1,This is fine.
Melania’s crypto launch sends Trump coin spiraling,https://www.reddit.com/r/technology/comments/1i5pl69/melanias_crypto_launch_sends_trump_coin_spiraling/,2025-01-20 12:58:32,8,2025-01-21 18:12:50,1,Mostly MAGAs.   Come on. You knew this already.
Melania’s crypto launch sends Trump coin spiraling,https://www.reddit.com/r/technology/comments/1i5pl69/melanias_crypto_launch_sends_trump_coin_spiraling/,2025-01-20 12:58:32,8,2025-01-22 07:31:25,1,You know shitcoins aren't seen as an investment right? People know it's a scam they're just betting that they won't be the ones left holding the bag
