Topic,Count,Name,Representation,Representative_Docs
-1,18954,-1_coin_trump_crypto_people,"['coin', 'trump', 'crypto', 'people', 'go', 'get', 'make', 'like', 'money', 'buy']","['read early post read fool tell people go mortgage house spend $ trump coin lol say great opportunity rich person make money coin trump people spit stuff like I surprised many people lose arsis', 'I would argue successful people pay money people invest dumb shit entire existence bitcoin utility go I dunno anyone else actually use back day silk road actually exchange good bitcoin literal utility buy hold hope people continue buy hold gold I also invest least highly desirable utility extremely conductive I believe lot untapped opportunity smart contract streamline legacy industry like real estate car title medical record cryptocurrency successful currency need support people use currency I know crypto bro go get arm argument small portion small thesis crypto successful people buy use yes correct', 'every coin max right open drop way people lose money people never buy crypto never buy new coin especially coin actually work fund something different play risky stock market']"
0,19297,0_trump_coin_buy_crypto,"['trump', 'coin', 'buy', 'crypto', 'money', 'go', 'get', 'make', 'people', 'like']","['meme market use anymore melania coin totally nuke market coin like car libra totally suck liquidity market easy make money trump coin I would catch 2050x coin literally every week coin would last good time like anymore coin hardly last 10 minute die I hardly think go go back old phase', 'would mean would pay back people money buy btc right', 'sell btc trump coin get rich']"
1,4255,1_go_bag_get_think,"['go', 'bag', 'get', 'think', 'people', 'ha', 'like', 'know', 'say', 'lol']","['go say shit', 'people always think bag go pump straight away read warning right sometimes need hold 4 year', 'mean bag holder always go go everything']"
2,2750,2_vote_people_biden_trump,"['vote', 'people', 'biden', 'trump', 'would', 'get', 'like', 'country', 'think', 'say']","['people vote trump', 'ok I understand get third fortunately unfortunately matter percentage population vote majority people vote go trump I think lot people disagree trump want make country shittier place I imagine lot people vote think country already go shit decide trump well chance right ship kamala', 'first thing third thing since split hair way address already change mind would make largely never need change mind one would take time read whole post consider kudo read understand goddamned title miss point thirdly gullible one think actually change mind bc reddit post really maybe I could use ignorant response claim I go case maybe right I clear someone like imply trump voter near intended audience example maybe confident defend position intuitively feel right think enough historical information could look something might help maybe I provide seem people example know anticorporate cause boston tea party actual evidence reagans racist election strategy know maybe shut fuck post would either unsolicited advice start offering fair game point maybe try literal oh save sanctimony never become especially wrong seem imply position base reason suddenly go reasonable w different vocabulary I think understand human emotion work particularly well people change mind large emotional stake position know literal millennium try aristotle rhetoric good distillation ancient knowledge make good rhetorical argument appeal emotion leave premise call enthymeme emotional content glossed bc aristotle point regular folk time deal long carefully reason argument exactly see anyone let alone little ol I make short argument appeal every trump voter huh could actually 80 million different reason one please let I know great entheymeme I miss I ask include pearl wisdom original response try lose I change mind cusp point bc already feel lied people lie afraid look like dumb fucking dumb fear I would identify agent treat reveal bc I identify emotion oh wait exactly aristotle would advise I hand lash toward I try change mind bc piss poor job fault seem lead believe gentle wellreasone argument change world maybe someone right headspace willing change mind whoever tell wellreasone unemotional factfille argument lie come plain wrong ok make mistake like I write make feel dumb I call frankly ready op go take deep breath snack maybe call mom wonder thing ready post still wait go tell I I wrong aristotle wrong likely million people read use idea 2300 year wereare wrong bold statement sound like every idealistic 2nd semester college freshman sophomore literally mean cleaver fool actually moron close one old term still use english transliteration greek transliteration sumerian word I read cuneiform typeface phone sorry think adult figure know well everyone else ever good company go people especially politician staff think need hit fact today call technocrat aka wonk wonky literally come across way wonky candidate past 45 year walter mondale michael dukakis al gore john kerry mitt romney hillary clinton joe biden kamala harris great company winner biden win bc covid maybe little george floyd protest wonky reagan bill clinton gw bush obama trump ponder difference jump another response less belligerent responder ask I could suggestion I response long long op maybe take look dozen suggestion thing person could might give committed true believer pause think well good person like trump republicans I wonder possible many suggestion bc go know could also see sort emotional appeal would hook probably many work person course intent op particular response numerous fact available explain get give idea look use confront trump voter since I number I wonder another response somebody overly angry literal get number half talk half reader talk find great reddit api info let track reader contact agree poll unless maybe use half figuratively weird bc seem want take I task upon strict literal quite uncharitable even know principle charity read post rule want play exactly inquire mind want know I also put number op read comprehension good ol usofa good reader representative sample adult give pretty clear indication likelihood anyone read post get bad coin flip like roll 1 4sided die good odd miss point']"
3,148,3_whale_kraken_boat_miss,"['whale', 'kraken', 'boat', 'miss', 'pole', 'touch', 'buy', 'ship', 'list', 'make']","['one kraken I buy', 'lol whale', 'kraken I get']"
4,133,4_comment_link_moderator_please,"['comment', 'link', 'moderator', 'please', 'telegram', 'contact', 'automatically', 'perform', 'subredditmessagecomposetorcryptocurrency', 'concern']","['greeting zealousidealcheck250 comment contain link telegram hard block reddit also prevent moderator approve comment please repost comment without telegram link I bot action perform automatically please contact moderator subredditmessagecomposetorcryptocurrency question concern', 'greeting faircondition1778 comment contain link telegram hard block reddit also prevent moderator approve comment please repost comment without telegram link I bot action perform automatically please contact moderator subredditmessagecomposetorcryptocurrency question concern', 'greeting elegantgrade7263 comment contain link telegram hard block reddit also prevent moderator approve comment please repost comment without telegram link I bot action perform automatically please contact moderator subredditmessagecomposetorcryptocurrency question concern']"
5,36,5_toshi_xcn_sokka_haiku,"['toshi', 'xcn', 'sokka', 'haiku', 'blast', 'good', 'diversify', 'profit', 'chance', 'early']","['$ 9 go move toshi', 'call toshi', 'toshi time baby toshi']"
6,29,6_art_artist_painting_value,"['art', 'artist', 'painting', 'value', 'copyright', 'step', 'album', 'commission', 'artwork', 'sell']","['art steal', 'rich buy artist paint outright even artist still alive commission artist make art completely sometimes artist retain right print copy music record label commission band make album song sell record label album normally give band right perform work live sometimes give commission sale depend risk album flop', 'art still value appreciate art sure I may look painting say okay someone else might look feel different crypto literally build great fool theory']"
7,26,7_adoption_mass_mainstream_suuuure,"['adoption', 'mass', 'mainstream', 'suuuure', 'permissionless', 'widespread', 'tech', 'fool', 'like', 'wide']","['bruh kill mass adoption', 'mass adoption finally', 'mass adoption want deserve']"
8,26,8_quantum_computer_computing_hack,"['quantum', 'computer', 'computing', 'hack', 'crypto', 'encryption', 'cryptography', 'worry', 'blockchain', 'break']","['I see single quantum', 'quantum computer go crack crypto', 'hack quantum computer 4 year']"
